{"meta": {"format": 3, "version": "7.10.7", "timestamp": "2026-01-24T17:09:08.427010", "branch_coverage": false, "show_contexts": false}, "files": {"scraper/cli/commands.py": {"executed_lines": [1, 3, 4, 5, 6, 8, 9, 10, 11, 15, 16, 18, 21, 27, 28, 34, 37, 46, 47, 48, 50, 51, 54, 55, 57, 58, 60, 63, 65, 68, 89, 101, 225, 234, 236, 237, 240, 241, 242, 246, 249, 250, 251, 260, 261, 263, 265, 268, 271, 272, 273, 274, 275, 276, 277, 278, 279, 280, 281, 282, 284, 286, 287, 288, 289, 290, 291, 292, 293, 294, 295, 296], "summary": {"covered_lines": 71, "num_statements": 144, "percent_covered": 49.30555555555556, "percent_covered_display": "49", "missing_lines": 73, "excluded_lines": 0}, "missing_lines": [77, 80, 82, 83, 84, 86, 97, 98, 110, 112, 113, 116, 117, 118, 120, 121, 122, 123, 125, 126, 130, 133, 134, 137, 138, 139, 147, 150, 152, 153, 154, 156, 159, 161, 163, 165, 166, 168, 169, 172, 174, 175, 176, 177, 179, 181, 186, 187, 188, 189, 190, 191, 192, 194, 195, 196, 201, 202, 203, 204, 205, 206, 208, 211, 212, 214, 215, 217, 218, 219, 220, 221, 222], "excluded_lines": [], "functions": {"_setup_logging": {"executed_lines": [27, 28, 34], "summary": {"covered_lines": 3, "num_statements": 3, "percent_covered": 100.0, "percent_covered_display": "100", "missing_lines": 0, "excluded_lines": 0}, "missing_lines": [], "excluded_lines": []}, "_load_config": {"executed_lines": [46, 47, 48, 50, 51, 54, 55, 57, 58, 60, 63, 65], "summary": {"covered_lines": 12, "num_statements": 12, "percent_covered": 100.0, "percent_covered_display": "100", "missing_lines": 0, "excluded_lines": 0}, "missing_lines": [], "excluded_lines": []}, "_create_database": {"executed_lines": [], "summary": {"covered_lines": 0, "num_statements": 6, "percent_covered": 0.0, "percent_covered_display": "0", "missing_lines": 6, "excluded_lines": 0}, "missing_lines": [77, 80, 82, 83, 84, 86], "excluded_lines": []}, "_print_progress": {"executed_lines": [], "summary": {"covered_lines": 0, "num_statements": 2, "percent_covered": 0.0, "percent_covered_display": "0", "missing_lines": 2, "excluded_lines": 0}, "missing_lines": [97, 98], "excluded_lines": []}, "full_scrape_command": {"executed_lines": [], "summary": {"covered_lines": 0, "num_statements": 65, "percent_covered": 0.0, "percent_covered_display": "0", "missing_lines": 65, "excluded_lines": 0}, "missing_lines": [110, 112, 113, 116, 117, 118, 120, 121, 122, 123, 125, 126, 130, 133, 134, 137, 138, 139, 147, 150, 152, 153, 154, 156, 159, 161, 163, 165, 166, 168, 169, 172, 174, 175, 176, 177, 179, 181, 186, 187, 188, 189, 190, 191, 192, 194, 195, 196, 201, 202, 203, 204, 205, 206, 208, 211, 212, 214, 215, 217, 218, 219, 220, 221, 222], "excluded_lines": []}, "incremental_scrape_command": {"executed_lines": [234, 236, 237, 240, 241, 242, 246, 249, 250, 251, 260, 261, 263, 265, 268, 271, 272, 273, 274, 275, 276, 277, 278, 279, 280, 281, 282, 284, 286, 287, 288, 289, 290, 291, 292, 293, 294, 295, 296], "summary": {"covered_lines": 39, "num_statements": 39, "percent_covered": 100.0, "percent_covered_display": "100", "missing_lines": 0, "excluded_lines": 0}, "missing_lines": [], "excluded_lines": []}, "": {"executed_lines": [1, 3, 4, 5, 6, 8, 9, 10, 11, 15, 16, 18, 21, 37, 68, 89, 101, 225], "summary": {"covered_lines": 17, "num_statements": 17, "percent_covered": 100.0, "percent_covered_display": "100", "missing_lines": 0, "excluded_lines": 0}, "missing_lines": [], "excluded_lines": []}}, "classes": {"": {"executed_lines": [1, 3, 4, 5, 6, 8, 9, 10, 11, 15, 16, 18, 21, 27, 28, 34, 37, 46, 47, 48, 50, 51, 54, 55, 57, 58, 60, 63, 65, 68, 89, 101, 225, 234, 236, 237, 240, 241, 242, 246, 249, 250, 251, 260, 261, 263, 265, 268, 271, 272, 273, 274, 275, 276, 277, 278, 279, 280, 281, 282, 284, 286, 287, 288, 289, 290, 291, 292, 293, 294, 295, 296], "summary": {"covered_lines": 71, "num_statements": 144, "percent_covered": 49.30555555555556, "percent_covered_display": "49", "missing_lines": 73, "excluded_lines": 0}, "missing_lines": [77, 80, 82, 83, 84, 86, 97, 98, 110, 112, 113, 116, 117, 118, 120, 121, 122, 123, 125, 126, 130, 133, 134, 137, 138, 139, 147, 150, 152, 153, 154, 156, 159, 161, 163, 165, 166, 168, 169, 172, 174, 175, 176, 177, 179, 181, 186, 187, 188, 189, 190, 191, 192, 194, 195, 196, 201, 202, 203, 204, 205, 206, 208, 211, 212, 214, 215, 217, 218, 219, 220, 221, 222], "excluded_lines": []}}}}, "totals": {"covered_lines": 71, "num_statements": 144, "percent_covered": 49.30555555555556, "percent_covered_display": "49", "missing_lines": 73, "excluded_lines": 0}}